#CELL	CLUSTER	CLONE
CAAAAAAAAAAAAA	1	Clone1
CAAAAAAAAAAAAC	1	Clone1
CAAAAAAAAAAAAG	1	Clone1
CAAAAAAAAAAAAT	9	Clone9
CAAAAAAAAAAACA	1	Clone1
CAAAAAAAAAAACC	9	Clone9
CAAAAAAAAAAACG	9	Clone9
CAAAAAAAAAAACT	9	Clone9
CAAAAAAAAAAAGA	7	None
CAAAAAAAAAAAGC	9	Clone9
CAAAAAAAAAAAGG	9	Clone9
CAAAAAAAAAAAGT	9	Clone9
CAAAAAAAAAAATA	9	Clone9
CAAAAAAAAAAATC	9	Clone9
CAAAAAAAAAAATG	1	Clone1
CAAAAAAAAAAATT	1	Clone1
CAAAAAAAAAACAA	9	Clone9
CAAAAAAAAAACAC	1	Clone1
CAAAAAAAAAACAG	9	Clone9
CAAAAAAAAAACAT	1	Clone1
CAAAAAAAAAACCA	1	Clone1
CAAAAAAAAAACCC	9	Clone9
CAAAAAAAAAACCG	9	Clone9
CAAAAAAAAAACCT	9	Clone9
CAAAAAAAAAACGA	1	Clone1
CAAAAAAAAAACGC	9	Clone9
CAAAAAAAAAACGG	4	None
CAAAAAAAAAACGT	1	Clone1
CAAAAAAAAAACTA	1	Clone1
CAAAAAAAAAACTC	1	Clone1
CAAAAAAAAAACTG	5	None
CAAAAAAAAAACTT	1	Clone1
CAAAAAAAAAAGAA	13	None
CAAAAAAAAAAGAC	6	None
CAAAAAAAAAAGAG	9	Clone9
CAAAAAAAAAAGAT	9	Clone9
CAAAAAAAAAAGCA	1	Clone1
CAAAAAAAAAAGCC	1	Clone1
CAAAAAAAAAAGCG	1	Clone1
CAAAAAAAAAAGCT	1	Clone1
CAAAAAAAAAAGGA	1	Clone1
CAAAAAAAAAAGGC	1	Clone1
CAAAAAAAAAAGGG	1	Clone1
CAAAAAAAAAAGGT	1	Clone1
CAAAAAAAAAAGTA	10	None
CAAAAAAAAAAGTC	1	Clone1
CAAAAAAAAAAGTG	9	Clone9
CAAAAAAAAAAGTT	1	Clone1
CAAAAAAAAAATAA	9	Clone9
CAAAAAAAAAATAC	9	Clone9
CAAAAAAAAAATAG	9	Clone9
CAAAAAAAAAATAT	1	Clone1
CAAAAAAAAAATCA	8	None
CAAAAAAAAAATCC	9	Clone9
CAAAAAAAAAATCG	1	Clone1
CAAAAAAAAAATCT	12	None
CAAAAAAAAAATGA	1	Clone1
CAAAAAAAAAATGC	1	Clone1
CAAAAAAAAAATGG	1	Clone1
CAAAAAAAAAATGT	1	Clone1
CAAAAAAAAAATTA	1	Clone1
CAAAAAAAAAATTC	1	Clone1
CAAAAAAAAAATTG	1	Clone1
CAAAAAAAAAATTT	1	Clone1
CAAAAAAAAACAAA	1	Clone1
CAAAAAAAAACAAG	2	None
CAAAAAAAAACAAT	3	None
CAAAAAAAAACACA	1	Clone1
CAAAAAAAAACACC	1	Clone1
CAAAAAAAAACACG	1	Clone1
CAAAAAAAAACACT	1	Clone1
CAAAAAAAAACAGA	1	Clone1
CAAAAAAAAACAGC	1	Clone1
CAAAAAAAAACAGG	1	Clone1
CAAAAAAAAACAGT	11	None
CAAAAAAAAACATA	1	Clone1
CAAAAAAAAACATC	1	Clone1
CAAAAAAAAACATG	1	Clone1
CAAAAAAAAACATT	9	Clone9
CAAAAAAAAACCAA	1	Clone1
CAAAAAAAAACCAC	9	Clone9
CAAAAAAAAACCAG	1	Clone1
CAAAAAAAAACCAT	9	Clone9
CAAAAAAAAACCCA	9	Clone9
CAAAAAAAAACCCC	9	Clone9
CAAAAAAAAACCCG	9	Clone9
CAAAAAAAAACCCT	1	Clone1
CAAAAAAAAACCGA	1	Clone1
CAAAAAAAAACCGC	1	Clone1
